{"cameraMode":{"drawMode":0,"name":"Shaded","section":"Shading Mode"},"sceneLighting":false,"audioPlay":false,"sceneViewState":{"m_AlwaysRefresh":false,"showFog":true,"showSkybox":false,"showFlares":true,"showImageEffects":true,"showParticleSystems":true,"showVisualEffectGraphs":true,"m_FxEnabled":true},"in2DMode":false,"pivot":{"x":-0.33179426193237307,"y":-0.9733071327209473,"z":0.8944253921508789},"rotation":{"x":0.016489244997501375,"y":0.002997084753587842,"z":0.00004954721953254193,"w":-0.9998716711997986},"size":1.8129533529281617,"orthographic":false}