{"cameraMode":{"drawMode":0,"name":"Shaded","section":"Shading Mode"},"sceneLighting":false,"audioPlay":false,"sceneViewState":{"m_AlwaysRefresh":false,"showFog":true,"showSkybox":false,"showFlares":true,"showImageEffects":true,"showParticleSystems":true,"showVisualEffectGraphs":true,"m_FxEnabled":true},"in2DMode":false,"pivot":{"x":-1.2172446250915528,"y":1.281691551208496,"z":0.060289379209280017},"rotation":{"x":0.28610503673553469,"y":0.0832282230257988,"z":0.024954089894890786,"w":-0.9542619585990906},"size":1.8129533529281617,"orthographic":false}