{"cameraMode":{"drawMode":0,"name":"Shaded","section":"Shading Mode"},"sceneLighting":false,"audioPlay":false,"sceneViewState":{"m_AlwaysRefresh":false,"showFog":true,"showSkybox":false,"showFlares":true,"showImageEffects":true,"showParticleSystems":true,"showVisualEffectGraphs":true,"m_FxEnabled":true},"in2DMode":false,"pivot":{"x":-0.10986703634262085,"y":-2.257452964782715,"z":-6.876102447509766},"rotation":{"x":0.016489244997501375,"y":0.002997084753587842,"z":0.00004954721953254193,"w":-0.9998716711997986},"size":0.13275906443595887,"orthographic":false}